[
    {
        "name": "query2_0_1",
        "start_data": 167873,
        "end_data": 200236
    },
    {
        "name": "query2_0_2",
        "start_data": 199861,
        "end_data": 173467
    },
    {
        "name": "query2_0_3",
        "start_data": 56860,
        "end_data": 42181
    },
    {
        "name": "query2_0_4",
        "start_data": 90314,
        "end_data": 94125
    },
    {
        "name": "query2_0_5",
        "start_data": 174099,
        "end_data": 199528
    },
    {
        "name": "query2_0_6",
        "start_data": 163963,
        "end_data": 53949
    },
    {
        "name": "query2_0_7",
        "start_data": 127486,
        "end_data": 141855
    },
    {
        "name": "query2_0_8",
        "start_data": 211777,
        "end_data": 188373
    },
    {
        "name": "query2_0_9",
        "start_data": 191970,
        "end_data": 203275
    },
    {
        "name": "query2_0_10",
        "start_data": 131545,
        "end_data": 110826
    }
]