[
    {
        "name": "query1_39",
        "start_data": 173000,
        "end_data": 170000
    },
    {
        "name": "query1_40",
        "start_data": 212170,
        "end_data": 202165
    },
    {
        "name": "query1_41",
        "start_data": 208000,
        "end_data": 179000
    },
    {
        "name": "query1_42",
        "start_data": 131000,
        "end_data": 91000
    },
    {
        "name": "query1_43",
        "start_data": 167000,
        "end_data": 196000
    },
    {
        "name": "query1_44",
        "start_data": 202662,
        "end_data": 213547
    },
    {
        "name": "query1_45",
        "start_data": 195542,
        "end_data": 170485
    },
    {
        "name": "query1_46",
        "start_data": 116090,
        "end_data": 101850
    },
    {
        "name": "query1_47",
        "start_data": 98731,
        "end_data": 124580
    },
    {
        "name": "query1_48",
        "start_data": 186505,
        "end_data": 202771
    },
    {
        "name": "query1_49",
        "start_data": 197791,
        "end_data": 201611
    },
    {
        "name": "query1_50",
        "start_data": 36000,
        "end_data": 31000
    },
    {
        "name": "query1_51",
        "start_data": 26469,
        "end_data": 128545
    },
    {
        "name": "query1_52",
        "start_data": 61744,
        "end_data": 53068
    },
    {
        "name": "query1_53",
        "start_data": 188760,
        "end_data": 212906
    },
    {
        "name": "query1_54",
        "start_data": 239890,
        "end_data": 230551
    },
    {
        "name": "query1_55",
        "start_data": 233000,
        "end_data": 259000
    },
    {
        "name": "query1_56",
        "start_data": 230660,
        "end_data": 112517
    },
    {
        "name": "query1_57",
        "start_data": 198000,
        "end_data": 177000
    },
    {
        "name": "query1_58",
        "start_data": 166000,
        "end_data": 199000
    },
    {
        "name": "query1_59",
        "start_data": 175000,
        "end_data": 198000
    },
    {
        "name": "query1_60",
        "start_data": 55537,
        "end_data": 43324
    },
    {
        "name": "query1_61",
        "start_data": 88959,
        "end_data": 96072
    },
    {
        "name": "query1_62",
        "start_data": 172570,
        "end_data": 197762
    },
    {
        "name": "query1_63",
        "start_data": 52408,
        "end_data": 165221
    },
    {
        "name": "query1_64",
        "start_data": 128486,
        "end_data": 140634
    },
    {
        "name": "query1_65",
        "start_data": 189626,
        "end_data": 210468
    },
    {
        "name": "query1_66",
        "start_data": 190059,
        "end_data": 201621
    },
    {
        "name": "query1_67",
        "start_data": 112000,
        "end_data": 130000
    },
    {
        "name": "query1_68",
        "start_data": 111000,
        "end_data": 72000
    },
    {
        "name": "query1_69",
        "start_data": 219844,
        "end_data": 239166
    },
    {
        "name": "query1_70",
        "start_data": 75000,
        "end_data": 102000
    },
    {
        "name": "query1_71",
        "start_data": 223000,
        "end_data": 258000
    },
    {
        "name": "query1_72",
        "start_data": 225947,
        "end_data": 211399
    },
    {
        "name": "query1_73",
        "start_data": 214240,
        "end_data": 240214
    },
    {
        "name": "query1_74",
        "start_data": 136000,
        "end_data": 176000
    },
    {
        "name": "query1_75",
        "start_data": 144000,
        "end_data": 139000
    },
    {
        "name": "query1_76",
        "start_data": 246918,
        "end_data": 223539
    },
    {
        "name": "query1_77",
        "start_data": 237944,
        "end_data": 214724
    },
    {
        "name": "query1_78",
        "start_data": 4067,
        "end_data": 15646
    }
]